{
  "Total" : {
    "transaction" : "Total",
    "sampleCount" : 14,
    "errorCount" : 5,
    "errorPct" : 35.714287,
    "meanResTime" : 6944.642857142856,
    "medianResTime" : 2959.0,
    "minResTime" : 113.0,
    "maxResTime" : 25746.0,
    "pct1ResTime" : 23246.5,
    "pct2ResTime" : 25746.0,
    "pct3ResTime" : 25746.0,
    "throughput" : 0.03978583851496516,
    "receivedKBytesPerSec" : 0.011392359591513112,
    "sentKBytesPerSec" : 0.006099977194188994
  },
  "Get Users" : {
    "transaction" : "Get Users",
    "sampleCount" : 14,
    "errorCount" : 5,
    "errorPct" : 35.714287,
    "meanResTime" : 6944.642857142856,
    "medianResTime" : 2959.0,
    "minResTime" : 113.0,
    "maxResTime" : 25746.0,
    "pct1ResTime" : 23246.5,
    "pct2ResTime" : 25746.0,
    "pct3ResTime" : 25746.0,
    "throughput" : 0.03978583851496516,
    "receivedKBytesPerSec" : 0.011392359591513112,
    "sentKBytesPerSec" : 0.006099977194188994
  }
}