{
  "Total" : {
    "transaction" : "Total",
    "sampleCount" : 80,
    "errorCount" : 40,
    "errorPct" : 50.0,
    "meanResTime" : 8344.275,
    "medianResTime" : 8250.5,
    "minResTime" : 113.0,
    "maxResTime" : 25747.0,
    "pct1ResTime" : 24327.9,
    "pct2ResTime" : 25139.2,
    "pct3ResTime" : 25747.0,
    "throughput" : 0.19179822826386642,
    "receivedKBytesPerSec" : 0.09760357104326248,
    "sentKBytesPerSec" : 0.02574713276632982
  },
  "Get Users" : {
    "transaction" : "Get Users",
    "sampleCount" : 80,
    "errorCount" : 40,
    "errorPct" : 50.0,
    "meanResTime" : 8344.275,
    "medianResTime" : 8250.5,
    "minResTime" : 113.0,
    "maxResTime" : 25747.0,
    "pct1ResTime" : 24327.9,
    "pct2ResTime" : 25139.2,
    "pct3ResTime" : 25747.0,
    "throughput" : 0.19179822826386642,
    "receivedKBytesPerSec" : 0.09760357104326248,
    "sentKBytesPerSec" : 0.02574713276632982
  }
}